name,education_level,work_experience,gpa,placement
Hannah Sanchez,3,13,2.3529358406689704,1
Travis Hickman,4,9,2.246035537342805,1
Amber Zamora,2,11,3.589671522958803,0
Christine Wilson,2,11,2.3911322914128212,0
Michael Chapman,3,5,2.1510719233699653,1
Michael Hernandez,3,12,3.9949566781666146,1
Christina Ramos,1,4,3.5920325943882823,0
Benjamin Berry,4,12,3.987149013852587,1
Jennifer Lewis,2,11,3.1560384307413365,0
Mary Tucker,1,12,3.6564510664403795,0
Edwin Cooper,4,10,2.274183210301927,1
Kimberly Barrera,1,3,3.430107223088531,0
James Colon,3,2,3.885924187792976,1
Albert Mercado,2,11,2.4516470732190925,0
Debra Bryan,1,10,2.6112258042075887,0
Robert Taylor,4,5,3.8729435078489116,1
Tabitha Riley,4,11,3.811357834640699,1
Sean Flowers,2,5,3.383294110946895,0
Miranda Gomez,1,10,2.152063677531984,0
Michael Keith,4,12,3.63092238535987,1
Stacey Gentry,4,10,2.036170081042803,1
Natasha Young,2,15,3.4924531814516637,0
Caroline White,2,19,2.032940216347784,0
Anthony Cervantes,3,17,3.569974656615362,1
Robert Leach,3,15,3.6957933475124465,1
Elizabeth Myers,4,8,2.561084703207019,1
Michael Gonzales,2,12,3.922823884262873,0
David Davis,3,9,3.3756822946540597,1
Kelly Parks,3,10,2.000327643833386,1
Glenn Williams,3,4,2.7402628070431274,1
Michael Davis,3,9,2.5844448151961243,1
Lori Taylor,4,10,2.613880387934623,1
Aimee Ramsey,3,3,2.785397209317842,1
Christopher Powell,3,15,2.7262141499794676,1
Joseph Johnson,3,1,3.887147804716461,0
Stephen Gentry,1,15,2.4522285883928863,0
Brian Morris,4,6,3.530551409129905,1
Carrie Chandler,2,3,2.652072111500474,0
Nathan Nichols,2,10,3.541161543023349,0
Ryan Murillo,1,10,2.6690741212919713,0
Kevin Sims,4,14,2.9461581088422566,1
Jillian Nelson,4,8,3.426618591917282,1
John Rogers,4,18,2.900522239007814,1
Michelle Velazquez,4,7,3.0742331566904886,1
Susan Shepherd,4,2,2.0196012410321282,1
Marissa Aguilar,3,5,2.72690812476517,1
David Harvey,1,18,3.119703634913632,0
Stacey Miller,4,8,3.5984020440923103,1
Duane Robinson,4,13,3.9255440463137123,1
Cameron Hall,1,0,2.312567538085081,0
Matthew Stephens,3,7,3.9983587112881684,1
Peggy Ayers,1,3,3.6045101881673673,0
Richard Guerrero,1,16,3.6627423976596107,0
Anna Williams,2,0,2.926593020417548,0
Alexander Jimenez,3,11,2.68853514335807,1
Pedro Ramos,4,18,3.982537887586269,1
Michelle Gutierrez,1,19,3.9341638081051977,0
Mark Smith,2,10,2.5986041810121305,0
Joanne Ray,3,14,2.8283886439622044,1
Dawn Gray,3,0,3.887015460344726,0
Jason Carpenter,3,19,3.1425516209587676,1
Janice Petty,4,9,3.695579318768602,1
Teresa Spence,1,14,3.362082092761126,0
Misty Harrison,2,15,3.6244398783982987,0
Larry Nelson,4,8,3.775181857596372,1
Cindy Tate,1,3,3.351083852851551,0
Cynthia Roth,4,5,3.111670100024825,1
Thomas Davis,1,11,2.573459908873809,0
Rachel Jones,1,18,2.0278017780089996,0
Ashley Solomon,2,11,2.76233123751153,0
Laura Lowery,2,0,2.7451554632814736,0
Jessica Cox,2,13,3.3911687852056174,0
Joshua Howell,3,3,3.458591555464938,1
Jonathan Lynn,3,1,2.937837003599472,0
Jenna Brown,1,13,3.849693949116089,0
Melinda Johnson,3,12,3.69077148803321,1
Andrew Knight,3,11,2.9800283136971397,1
Erik Gray,3,4,2.0634467840721644,1
Nathan Craig,3,15,3.887706757712975,1
James Hansen,3,12,3.2318448829628634,1
Kimberly Stark,4,3,3.2977126939169707,1
Amanda Carroll,2,4,3.696307779794786,0
Natalie Serrano,4,10,3.6531874000637523,1
Dwayne Best,1,12,3.9390837382585566,0
Cristina Rivera,2,18,3.319220776018911,0
Brandy Good,2,17,2.352908003210422,0
Michael Herrera,1,1,3.3331502956666217,0
Timothy Hill,3,3,2.2139839832348027,1
Terri Diaz DVM,4,1,2.26821657067714,0
Renee Rice,2,12,3.707295115920676,0
Joseph Sandoval,3,13,3.5246142647385197,1
Joshua Ward,2,5,2.1983468955688945,0
Brad Miranda,3,13,3.305517281315753,1
Patricia Jackson,4,0,2.291792164526787,0
Jennifer Byrd,3,13,3.368044923801741,1
Jonathan Galvan,2,10,2.052169949262856,0
Victoria Powell,3,8,2.8790072313887043,1
Donna Cervantes,4,0,3.894571837595911,0
Kenneth Finley,2,12,3.418944196172503,0
Richard Brown,1,8,3.1232410297439746,0
David Hayes,1,12,3.362150358202821,0
Mrs. Patricia Jenkins DDS,4,5,3.1250833542443646,1
Teresa Rodriguez,1,11,3.7865709462288573,0
Nathaniel Harper,1,7,3.7288746007717513,0
Tamara Harris,4,16,3.5792253956605258,1
Zachary Baker,3,9,2.6228800466393767,1
Robin Miller,2,9,2.8115573778867313,0
Richard Green,1,16,3.8147787864129907,0
Dawn Rodriguez,1,8,2.0752181751020737,0
John Johnson,3,0,3.7394707820012725,0
Mr. Bruce Phelps,1,3,3.3493356271914694,0
Tracy Proctor,3,19,3.285451061777353,1
Brandon Olson,3,4,2.5015862460007874,1
Joseph Hill,2,15,2.174369990454485,0
Daniel Strong,1,19,3.326246752766688,0
Brandy Turner,4,6,3.38481356342041,1
Mark Liu,1,6,2.8233396778014774,0
Juan Jones,2,15,3.234075211683274,0
Wendy Taylor,2,14,2.07229825745392,0
Kenneth Wright,4,6,2.041356595469914,1
Monica Kim,3,8,3.573824244841701,1
James Deleon,3,14,2.569292540360445,1
Patrick Morris,4,9,3.8945762644070094,1
Xavier Dillon,3,15,2.152668837576933,1
Neil Turner,1,0,2.635166565207426,0
Keith Weeks,2,16,2.4184708641820434,0
Justin Miller,1,6,2.168864834091516,0
Carol Freeman,3,0,3.9736357553277455,0
Meghan Booth,4,8,2.4766495148919896,1
Mark Brown,4,16,3.4915991542153115,1
Brandon Martinez,1,14,2.3712912382433147,0
John Farmer,2,5,3.5485803021869633,0
Phillip Sanchez,3,16,3.813577384935573,1
Anna Miller,4,9,3.7307745286457066,1
Dillon Sloan,2,13,2.6215053848140952,0
Michael Cochran,4,15,2.6037491274035816,1
Jennifer Waters,4,4,3.148026414816043,1
Mark Quinn,3,18,3.7665266767056687,1
Karen Sharp,1,7,2.355846083548437,0
Emily Park,3,11,3.9262616744445373,1
Danny Underwood,4,17,2.9517558746491934,1
Emily Gonzales,4,0,3.6831033780222366,0
Victor Cantrell,1,11,2.586850751516934,0
Angela Miller,3,0,2.7081750840550627,0
William Morales,3,0,2.780029369890533,0
Victoria Rios,3,3,2.433037194634938,1
Kendra Powell,2,13,2.4946475508221875,0
Jodi Holmes,3,5,2.5177341021721453,1
Craig Jones,1,19,2.7561906317774696,0
Kristen Williams,2,10,2.6143070822056353,0
John Garner,1,1,2.024534672388196,0
Leslie Guerra,3,16,2.5931182680230274,1
Taylor Rogers,3,10,3.1416797916682295,1
Mrs. Debra Garner,4,15,3.731972694489906,1
William Osborne,4,5,2.5081643616695883,1
Steve Levy,3,10,3.194735507534081,1
David Allen,1,18,2.2003777816909746,0
Charles Wright,2,1,3.533825296216044,0
Linda Fry,3,18,3.6101984020128697,1
William Lester,4,15,2.6457424444318756,1
Andre Thornton DVM,2,8,2.759647824543622,0
Toni Blake,3,8,2.8185142450749794,1
Cole Wang,1,13,3.28557345491172,0
Laura Parrish,3,7,2.7403815325841103,1
Vicki Williams,3,3,2.981168790876242,1
Luke Miller,2,0,2.638218158409593,0
Steven Smith,3,6,3.2690539781383157,1
Steven Fields,2,15,3.4994633780353963,0
Courtney Hudson,1,5,3.514376237871015,0
Melinda Randolph,2,1,2.843046789204301,0
Timothy Kelly,1,15,2.826824883631506,0
Chad Rangel,2,14,3.9770660393379194,0
Jean Andrews PhD,3,14,2.3775960355956913,1
Amber Sanders,3,7,2.9422423289066257,1
Stacy Bennett,4,5,2.0003114794493735,1
Cassidy Spencer,1,1,3.195506048200825,0
Jennifer Moore,3,13,2.2413605737544824,1
Stacy Smith,1,12,3.4338910627287347,0
Jon Petty,2,1,3.238191345205088,0
Peter Ryan,2,14,3.826917907735205,0
Patrick Burton,4,18,3.2044992916036756,1
Michael Powell,2,13,3.3771131312652605,0
Anthony Murphy,4,4,2.7746945225609,1
James House,2,16,2.4456804384991964,0
Kim Cooper,1,14,3.76227498969838,0
Dylan Lee,4,7,2.2546164055176736,1
Robert Joseph,3,17,3.162092360644884,1
Victoria Oliver,2,13,3.6300904143674853,0
Marcus Livingston,4,0,2.524246057429783,0
Lisa Carter,3,7,2.143826570878347,1
Anthony Scott,2,13,2.8080138202818583,0
Andrew Brown,1,6,2.5818481475457835,0
Tammie Cross,3,12,3.436154454972482,1
Taylor Ross DDS,4,19,2.8841611004844987,1
Noah Simpson,4,16,2.2194642857234594,1
Gavin Murphy,1,1,3.0984017547611975,0
Amanda Hall,1,2,2.218310501123953,0
Robert Deleon,2,7,2.672936949996763,0
David Mann,4,16,2.2589823098917323,1
Robert Todd,1,11,3.4604538668597797,0
Harry Reid,3,6,3.945454234520445,1
David Boyer,4,15,3.6498396090688177,1
Kathryn Harris,4,0,2.9790492948960097,0
John Riley,2,4,2.407943802134465,0
Jose Carlson,1,5,2.953109789832787,0
James Scott,2,6,2.9375420265916348,0
Cheryl Peterson,3,2,2.4210463834159306,1
Patricia Parrish,1,3,3.785280093686789,0
Ashley Lewis,4,12,3.6154816835686567,1
Tony Brady,1,17,3.9442008012004166,0
Jeffrey Perry,3,14,2.4466768501817597,1
Ryan Weiss,2,13,3.8056636192826288,0
Cheryl Hodges,1,13,2.1958767482597406,0
Sharon Roberts,3,13,2.2396406226399654,1
Gregory Adams,2,1,2.381545643933275,0
Shannon Nichols,3,19,3.262849136265733,1
Amanda Flynn,1,9,3.9982844498475494,0
Jessica Campbell,2,19,3.935857498766035,0
Amber Garcia,3,16,3.7879235460246967,1
Mrs. Jennifer Young,3,10,3.448361275535135,1
Charles Lynch,3,4,3.2585907713663893,1
Jesse Lozano,1,6,2.7433108951957657,0
Brandon Martinez,1,4,3.885149929278637,0
Katherine English,2,10,2.6703277549598843,0
Sabrina Baker,4,15,3.928231675693632,1
Shawn Hicks,2,9,2.002781238549627,0
Tracy Jenkins,3,15,3.5363325246130053,1
Andrew Carpenter,4,9,2.81114342958874,1
Colin Silva,1,13,2.913288082312482,0
Jennifer Lee,3,14,3.8208687269776416,1
James Martin,3,6,3.2281851488853315,1
Elizabeth Morris,1,9,3.4581862642620025,0
Kimberly Tran,3,5,3.7788023845599046,1
Timothy Diaz,2,5,3.1051259768114514,0
Hannah Carter,1,17,3.9526636199208576,0
Jordan Perez,2,17,3.906304703017407,0
Zachary Howard,3,14,2.521373993332701,1
Madison Mcdaniel,2,8,3.8767066446867995,0
Melissa Chan,3,2,2.220881194844957,1
Tiffany Brown,2,8,3.5115511852593833,0
Jason Banks,1,19,3.071349092179587,0
Patricia Rodgers,2,11,3.9228457204230676,0
Richard Weber,1,13,2.795489352561095,0
Sheila Banks,2,11,3.1838173664731784,0
Laura Black,1,4,3.7366423971633544,0
Phillip Chavez,1,16,2.4209455363815806,0
Shirley Obrien,1,15,3.3649982078933283,0
Billy Perez,4,15,3.2065181855837,1
Sarah Clayton MD,3,7,3.8167303297988706,1
Dylan Boyd,3,9,2.414239406592983,1
Frank Kim,3,6,2.6484155340288984,1
Gregory Hines,1,2,3.6978602149666933,0
Laura Lowe,4,16,2.7576921094525364,1
Jennifer Robinson,4,10,2.9449931154227156,1
Nicholas Martinez,4,14,3.3289910644344864,1
Angela Todd,4,11,2.357901753338538,1
Vanessa Boyer,2,0,3.7444483047854957,0
Karen Martinez,4,10,2.5786833669890217,1
Jason Dunn,4,19,2.846419950400636,1
Kristina Hoffman,2,17,2.50684134823008,0
Richard Vargas,3,10,3.1361035373225405,1
Olivia Roberts,1,4,3.2811584505838063,0
Amy Carr,1,4,2.1987460203760962,0
Amy Kelly,2,7,3.5472694826742455,0
Amy Lopez,3,2,2.970230548715654,1
Kent Mueller,3,18,2.693815226197775,1
Brianna Cortez,2,1,2.121802329000838,0
Jill Kelly,1,9,3.264433250910065,0
William Vazquez,2,2,3.3092754455446816,0
Angel Russell,1,6,2.7490056649462398,0
Andrew Berger,1,7,2.6522254153705047,0
Shannon Bishop,3,13,2.142716699650065,1
Chad Frazier,3,11,3.945428599219913,1
Timothy Kelly,1,15,3.658276070686212,0
Jennifer Taylor,1,1,2.547255592751076,0
Linda Burns,3,18,2.9292760518505676,1
Nancy Thomas,1,19,2.285263106513793,0
Brian Love,4,0,2.9473386797901013,0
Keith Bowers,1,14,3.713926584948324,0
Haley Barber,4,3,3.873606679438762,1
Garrett Morales,2,19,3.7875431875235086,0
Jessica Duncan,3,13,3.268146422881702,1
Joshua Green,1,17,3.0756374297922506,0
Melissa Haley,2,8,3.9537660487945034,0
Terri Blankenship,3,2,3.8404508419418795,1
Wesley Allen,3,0,2.5935883969909628,0
Allison Williams,4,1,2.1586745917237606,0
Renee Morales,3,7,2.5252706770047935,1
Misty Lucas,2,9,2.815345807695784,0
Brian Butler,2,0,2.5920190895626805,0
Karen Sharp,2,13,2.287396404081191,0
Ronald Smith,4,5,3.4483871256983445,1
Tiffany Winters,3,10,3.5658966465737585,1
Valerie Blair,2,9,3.057936547415088,0
Jason Heath,1,3,2.565705124345785,0
Paul Tucker,3,0,2.561398631372521,0
Mr. Carl Ruiz DDS,1,13,2.251825490592581,0
Kelly Stephens,4,17,2.737551952582374,1
Brittany Swanson,2,16,2.5919202597315483,0
Jeremy Wright,4,19,3.506762722186651,1
Roy Woods,4,16,3.692844305378781,1
William Pacheco,1,4,2.3749070585100593,0
Lindsay Price,1,0,3.7611789133519378,0
Donna Davis,4,1,3.15679397409405,0
Eric Peterson,2,17,3.1512007969360556,0
Maria Diaz,2,19,3.4524296759422795,0
Daniel Jones,3,11,3.5109486062987454,1
Julie Jenkins,1,17,3.8885630314698494,0
Grace Carter,4,14,3.1599535645781005,1
Ryan Little,2,15,3.1890472789271014,0
Marissa Kelley,4,8,3.960325444800762,1
Kimberly Cooper,2,2,2.1098957596649552,0
Corey Sanchez,3,9,3.5663869540041526,1
Angela Watson,1,16,2.223407036101654,0
Allison Stewart,3,8,2.5335336482174022,1
Patrick Morales,4,4,3.9791638062217607,1
Nathan Sanders,4,12,3.0065563889901994,1
Kimberly Mullins,3,13,3.911885138185248,1
Jillian Cross,4,0,3.849370007023187,0
Kimberly Sanchez,2,8,3.9596925209273306,0
Nicholas Crane,3,12,3.1660411329087106,1
Daniel Lucas,2,19,2.52928809019552,0
Gina Bauer,4,15,3.1926888427974816,1
Christina Smith,1,12,3.786582545872141,0
Keith Wolf,3,0,2.2344388713577024,0
Jennifer Pierce,3,19,2.2497308285765327,1
Edward Good,4,12,3.9538096669612957,1
Chase Johnson,1,18,3.1291167665246435,0
Katelyn Perez,3,17,3.9784864796877635,1
Claudia Sanchez,4,11,3.4151481800434857,1
Victoria Thomas,2,9,3.959864488371921,0
Chad Shaw,2,2,3.2539711577389063,0
Adam Caldwell,3,13,3.4336769499402786,1
Kim Miranda,3,19,3.571629066933904,1
Jesus Wilkinson,1,5,3.4031315707281555,0
Jamie Walker,4,3,2.9908240730926985,1
Jesse Brown,2,1,2.0819763677015297,0
Edwin Molina,2,12,3.6529430927799202,0
Ryan Wood,1,18,2.251960287956866,0
Jason Burnett,2,19,2.590874340261287,0
Justin Keller,2,8,3.6975985333588874,0
Donald Steele DVM,1,9,2.0836061187410255,0
Laurie Macias,3,10,3.4775332293793157,1
Eduardo Snow,4,8,3.8634268715299704,1
William Kennedy,4,8,3.4599016663861217,1
Jonathan Rodriguez,3,16,2.252918344060048,1
Courtney Robinson,1,14,3.7384395940695576,0
Jonathon Ross,4,18,3.674784915261839,1
Joshua Jones,2,10,2.253192555425799,0
Michael Lopez,3,13,3.7637630924658607,1
Rebecca Taylor,4,9,2.682450753773195,1
Bridget Salazar,1,8,3.4110189705947023,0
Monica Mccann,2,7,2.5235517286552573,0
Amy Hill,3,18,2.3307572925079754,1
Tiffany Robinson,1,0,3.1478516502234166,0
Angela Willis,4,14,2.3717947936373163,1
Dr. Noah Scott DDS,3,9,3.737588773064767,1
Thomas Newton,2,18,3.7182861376438945,0
Dawn Perez,4,0,2.033559894536209,0
Mrs. Stephanie Garrison,1,14,2.099990715168108,0
Diamond Miller,2,18,3.846883178955334,0
Alan Thompson,4,14,2.1042522714509566,1
Arthur Walker,1,11,3.345194954456181,0
Anthony Stewart,2,10,3.22688617608002,0
Corey Armstrong,1,16,3.7410147771441293,0
Amber Kline,2,7,2.0696433855663496,0
Jennifer Moses,4,0,2.5905260669497885,0
Robin Collins,3,8,3.5190000209525385,1
Amy Fernandez,1,6,2.372911105453084,0
Robert Moran,1,14,2.973394736965953,0
Marvin Phillips,3,11,2.999318057400225,1
Emily Fields,4,1,3.51280353244523,0
Mary Thomas,3,11,3.637449210325178,1
Cindy Mills,1,7,3.1258687383910937,0
Jennifer Cox,1,9,2.4615420288665084,0
Darryl Ramirez,4,13,3.182612663406197,1
Joseph Hall,4,11,3.684723885296377,1
Jordan Palmer,1,1,2.359210427094616,0
Hannah Mcdonald,4,0,2.983629262462349,0
Christine Sanchez,4,19,2.137773563499806,1
April Scott,3,6,3.2143853812253047,1
Christina West MD,2,6,2.6683086132431564,0
Timothy Collier,3,6,3.4789328239999424,1
Bradley Gutierrez,3,3,3.8214060256547393,1
Dr. Erin Castillo,4,9,3.065772909069225,1
Michael Wallace,4,19,3.1770667834412625,1
Robert Hobbs,2,19,3.7737554453418527,0
Zachary Gallegos,4,4,2.031925217486185,1
Kevin Smith,1,6,3.9812692151144695,0
Alan Thomas,4,17,3.7204795851035763,1
Alan Williams,3,15,2.083946616415714,1
Dennis Miller,2,11,3.531891453153936,0
William Hicks,1,5,2.886134913074709,0
Adrienne Martinez,2,16,3.798342720258103,0
Alan Miller,2,4,2.060922121290737,0
Felicia Abbott,4,8,2.7220900100919074,1
John Johnson,2,19,3.926848111365059,0
Michelle Andrews,3,3,3.21750424888202,1
Jonathan Jones,4,15,2.5492338744602856,1
Dr. Daniel Scott,1,6,3.430875050503436,0
Matthew Ward,4,1,2.052902241307728,0
Jesse Harvey,4,16,2.154333931035282,1
Katie Howard DVM,1,0,3.5564712742156925,0
Juan Day,4,15,3.286103757075261,1
Eric Hill,3,14,3.9979850692815075,1
Mindy Ellis,1,5,2.6188359004090307,0
Kevin Pierce,2,19,2.6830677413223496,0
Brent Barnett,1,2,2.0430572369336675,0
Angela Smith,1,18,3.775110963932688,0
Jennifer Nichols,2,19,2.712926327017284,0
Melanie Choi,1,6,2.308194596033088,0
Laura Cochran,4,5,2.546012446094357,1
Amy Smith,3,2,2.347104857468058,1
Catherine Wilcox,3,18,3.6455862413674587,1
Alicia Campbell,4,16,3.4333145946293064,1
Christopher Kelly,2,17,3.6171529371291555,0
Dawn Green,4,13,3.6060559958535086,1
Michael Ferguson,1,2,3.859307034376932,0
Donna Li,1,13,2.847045293009332,0
David Sanchez,2,6,2.847045879674151,0
Hannah Glenn,4,14,3.372973506734466,1
Gregory Griffin,4,19,2.3950956779057817,1
George Miller,1,2,3.330515783982813,0
Gregory Mendez,1,7,3.4401259241315514,0
Dale Rice,4,16,3.45663575266029,1
Robert Cannon,1,4,2.2369606879666417,0
Jerry Santiago,1,7,3.0325911256144784,0
Tina Patterson,1,4,3.1059964351043234,0
Jordan Evans,1,9,2.755743996467319,0
Lindsey Barrett,4,13,2.9847302648274985,1
Dean Smith,3,4,3.4997641189753157,1
Dustin Acosta,4,7,2.2899296609828665,1
Emma Strickland,1,16,3.941563829105013,0
Daniel Warren,4,19,2.1505717060553935,1
Kristen Bailey,1,3,2.797016382084527,0
Joshua Russo DVM,4,14,3.86735459855525,1
Matthew Dickson,3,13,2.9881414018832517,1
Kim Rose,2,15,2.5186084912820528,0
Reginald Moore,2,15,2.172148203058539,0
Carl Aguilar,3,1,2.597171591233921,0
Lori Bailey,3,13,3.01510405137487,1
Oscar Harrison,2,10,2.144648571987384,0
Mr. James Davis,2,4,2.0786206747952,0
James Davis,4,13,3.382605297970536,1
Alexis Carroll,3,15,3.262095003624557,1
Richard Marshall,3,15,2.2418956915005586,1
Benjamin Nixon,2,0,3.1104064549619155,0
Benjamin Caldwell,2,10,2.0987973323540476,0
Andrew King,2,12,2.48136891520385,0
Dave Vaughn,3,17,2.998796102468111,1
Dwayne Barber,2,5,2.5600441076731326,0
Anita Palmer,3,10,3.3844984572379997,1
Bonnie Freeman,2,11,3.4048645784095513,0
Maria Rose,4,5,2.180565400277872,1
Mrs. Tamara Hunt,1,6,3.8808355360119355,0
Anthony Lopez,4,18,2.22085486107898,1
David Baldwin Jr.,1,3,2.3614706561720435,0
Angela Mcneil,1,3,2.3117302655959513,0
Manuel Nielsen,3,14,3.384389005111611,1
Sherry Gill,3,11,2.782410223903466,1
David Winters,1,14,2.3633332265204388,0
Robert Hurst,4,14,3.8727431533634626,1
Eric Park,2,18,3.636788456709545,0
Mike Wood,3,7,3.786038335501865,1
Chelsea Vega,3,10,2.3793634487529634,1
William Leach,2,3,3.534622481357662,0
Holly Clark,4,2,2.364680234421197,1
David Saunders,2,18,2.2447086140446415,0
Amber Kane,4,8,3.1607842626676854,1
Kelli Carlson,2,1,2.970859419577427,0
Nicholas Thomas,1,10,2.12348680320016,0
Audrey Alvarado,4,7,2.3577525010578038,1
Victoria Davis,2,10,2.7162752963709673,0
John Klein,2,0,3.9972467481951113,0
Peter Ortiz,2,19,2.3356769360968928,0
James Green,1,12,2.1987616988800847,0
Gregory Wilson,3,3,3.6979978226858483,1
James Lara,4,16,3.2480218872962436,1
Mrs. Shirley Wyatt,4,19,2.5607689455485874,1
Kyle Miller,4,15,3.6662709703525405,1
Melissa Wu,1,4,3.5727238355480635,0
Hannah Garrett,1,7,2.0047131531129185,0
Rachel Taylor,4,7,2.475470136539995,1
Jeffery Carter MD,1,4,2.939195220447889,0
Steven Jones,2,14,3.9197945047063687,0
Gabriela Berry,4,17,3.7909413874113143,1
David Meyer DDS,3,15,2.497867528458727,1
Brett Simpson,3,14,2.37063659978699,1
Jeremy Moreno,1,11,2.1252112544210853,0
Heather Baker,1,2,2.9172624617705325,0
John Garcia,4,7,3.6351607950369473,1
Jeremiah Smith,4,15,2.054292323214934,1
Brandy Miller,1,0,2.5291423849176082,0
Ryan Walters,4,5,2.8365320031140153,1
Zachary Walker,1,8,2.331705347463239,0
Matthew Smith,1,15,3.3721193224193033,0
Teresa Byrd,2,16,2.3538393483706734,0
Rodney Martinez,3,13,3.1692445710310455,1
Jason Kim,2,0,3.8925753789874147,0
Mark Short,2,14,3.3616123770644712,0
Jason Green,3,5,3.8835488855619555,1
Charles Gutierrez,4,4,3.4533730580520823,1
Jennifer White,3,13,2.0516935959747986,1
Ashley Huang,3,5,3.5811934949420596,1
Barbara Allen,4,5,3.6637896616578045,1
Sarah Salas,2,0,2.3676874748560524,0
Bonnie Perez,3,9,3.6402807063754823,1
Jason Hall DDS,1,18,3.5110730618464476,0
Samantha Knight,4,6,3.861769648282576,1
Steven Jones,4,10,2.7231035732544386,1
Lauren Clark,1,1,3.3484576656849443,0
Jessica Rhodes,4,5,3.941064580262723,1
Thomas Martinez,2,7,2.7349068538195604,0
Susan Rios,1,19,3.1512115256361004,0
William Townsend,3,6,3.9077947994987228,1
Donald Anderson,1,9,3.7307211509697513,0
Juan Cunningham,2,19,2.627594015339885,0
Maria Rojas,3,14,3.238407290432302,1
Benjamin Good,4,15,2.786033826915544,1
Taylor King,2,17,2.855796915088085,0
Paul Wilcox DDS,3,14,3.415695638790528,1
Matthew Short,3,11,2.1716147571395403,1
Barry Guerra DVM,3,10,3.978525771865029,1
Holly Sellers,3,5,3.4804953126289586,1
Vanessa Barker,2,5,3.6269876160149788,0
Samantha Thomas,2,2,3.5221111118526554,0
Maria Ortega,4,14,3.454435822216519,1
Lisa Powers,2,9,2.749223159711932,0
Barbara Bennett,3,17,2.5693920725468313,1
Rebecca Ramos,4,17,2.9966936328799845,1
Margaret Lynn,2,6,2.6570345815748753,0
Travis Berry,1,2,2.4784667575865633,0
Shawn Savage,2,3,3.0047239191243325,0
Michael Alvarado,4,9,3.3951753043118966,1
John Newton,3,14,3.953510212306945,1
Lawrence Ford,2,4,3.8410358858456366,0
Angela Clark,3,12,3.198074203508525,1
Susan Smith,1,8,3.8331287263055582,0
Alyssa Collins,2,12,2.90521912578763,0
Patricia Brown,1,12,2.7077031022374114,0
Tiffany Duncan,1,9,2.226114778909489,0
Joseph Sloan,4,3,2.453997622905412,1
Dawn Norman,4,9,3.696830733979464,1
Kimberly Nelson,3,12,3.2539828079516147,1
Randall Torres,2,8,2.0423952551285676,0
Jessica Harrison,2,1,2.0901484603484533,0
Stephen Lee,3,16,3.4943849288882847,1
James Rhodes,3,8,3.18285502782452,1
Stephanie Craig,4,5,3.466392904003771,1
Stephanie Rogers,4,17,2.0743273843443797,1
Margaret Price,4,16,2.5024666454197435,1
Thomas Robertson,2,6,2.6767824591533387,0
Joseph Sullivan,2,7,2.8498166316291225,0
Kelly Arnold,1,2,2.2974857983172527,0
Rebecca Perry,1,11,3.060504518774975,0
Victor Davis,3,4,2.110755360237302,1
Danielle Hicks,3,2,3.569683115141014,1
Lawrence Hunter,4,5,3.7579706419114487,1
Jared Green,3,12,3.507510236157536,1
Grant Leonard,2,19,2.8459743836652853,0
Andrew Prince,1,17,3.7634642584373825,0
Scott Stanton,2,16,2.5699554039409986,0
Sara Burke,2,14,3.331517448186239,0
Richard Andrade,1,4,3.0256096586404655,0
Taylor Lopez,1,2,3.9280549551087507,0
Alyssa Edwards,2,18,2.0594782791124913,0
Connie Stevenson,3,0,2.4863045957540484,0
William Melendez,3,9,3.2916060148367707,1
Michelle Beltran,1,9,2.676095403441935,0
Marcus Fleming,3,19,3.5107672824468055,1
Jason Hensley,2,15,3.5525422834072566,0
Angela Jones,3,0,2.9180762301219145,0
Anthony Hanson,1,13,3.533354289291205,0
Amy Smith,4,14,2.269441344572221,1
Kimberly Flores,4,7,2.1972065128355704,1
Samuel Vaughn Jr.,3,5,3.9845198916918445,1
Christina Jordan,3,16,2.2341657318709336,1
Angelica Wilson,2,15,2.9269660229346472,0
Ray Stone,1,7,3.9665218180223576,0
Christine Williams,4,10,2.589458415810978,1
Terry Mcdonald,4,2,3.863691398547253,1
Michelle Spears,3,0,3.582006646206027,0
Morgan Clark,1,9,3.7750632204505865,0
John Chen,1,5,3.4662793406678096,0
Alvin Boyd,2,17,2.4482546579392883,0
Peter Chavez,2,11,3.609678469768943,0
Holly Jones,3,18,3.51795144700463,1
Joseph Macdonald,4,12,2.353900695891318,1
Vanessa Liu,3,8,2.5891083628479907,1
Gregory Ochoa,4,7,3.874333617867201,1
David Baldwin,2,1,3.1620905711331,0
Jamie Foster,4,7,2.2482206322273335,1
Michelle Mcdonald,1,2,3.86564088003062,0
Anna Rivas,2,14,2.053013421475441,0
Benjamin Sanchez,3,4,3.012411280072513,1
Ryan Reyes,2,9,2.2585709232073854,0
John Shaw,1,11,2.3106010246911364,0
John Watson,2,3,3.733553978903687,0
Melissa Williams,2,5,2.7853937759294016,0
Raymond Perry,2,16,2.485588342347608,0
Raymond Miller,4,15,3.193983991987052,1
Jennifer Johnson,2,9,3.929295281811076,0
Jessica Villarreal,1,16,3.0016245126607997,0
Sean Diaz,1,11,3.6751851754334437,0
Tammy Simpson,3,2,3.5395094547862724,1
Michelle Gregory,1,14,3.2992337510362946,0
Jack Donovan,2,9,3.423382402887121,0
Laura Knight DDS,3,14,2.388703070304739,1
Ryan Hill,2,15,3.9882119426759397,0
Thomas Collins,2,18,3.763172729263485,0
Stephanie Adams,2,5,2.495405598488028,0
Morgan Wilkins,3,18,2.0530221384083536,1
Sharon Townsend,3,10,3.5361927337013856,1
Bruce Murphy,1,16,3.6385815471299727,0
Katherine White,1,16,2.6203406849785638,0
Carol Hubbard,3,15,3.0416568710194785,1
Robert Conway,1,19,2.3083149779609737,0
Dustin Brown,4,17,2.5695938836604117,1
Kenneth York,2,3,2.9654934432730324,0
Amber Richards,2,15,2.784073374478969,0
Megan Bright,2,17,3.6455064786120936,0
Adam Ward,3,19,2.286833826933397,1
Amanda Sanchez,4,6,2.5713433342856646,1
Michael Hernandez,2,17,3.6542027740336143,0
Mr. Thomas White,1,11,3.576109392046396,0
Ronald Jones,2,18,2.689262767190573,0
Travis Stanley,4,1,3.912010922948945,0
Brittany Barber,1,0,2.365839393641659,0
Karen Beck,3,11,2.4225806087220976,1
Richard Miller MD,2,17,3.7880281619033123,0
Erik Carr,4,7,2.4712152393195765,1
Philip Brennan,2,6,3.9384602353644445,0
Amy Collins,3,7,2.8571983748313374,1
Eric Mcdaniel,2,17,2.9983067759983744,0
Amy Moss,2,14,3.8556332749650393,0
Sandra Cooper,4,13,3.377201799218817,1
Paul Perez,4,15,2.0245847578687015,1
Joshua Stone,3,9,2.5581852494644144,1
Linda Kane,3,7,3.648941000792869,1
Veronica Baker,1,11,3.668288194709354,0
Jennifer Rogers DVM,2,18,3.366636055930853,0
Barry Miles,4,16,3.1530584403222566,1
Julie Anderson,3,19,3.1283888837800893,1
Richard Hale,2,10,2.9614814999493024,0
Joshua Parker,3,4,2.2240319168124794,1
Kendra Parsons,2,9,2.0715540865630375,0
Bobby Myers,1,4,2.065843713798376,0
Evan Mills,3,3,3.6615058887066456,1
Meghan Melton,1,14,3.3440467020864872,0
Stephen Reid,2,12,2.1389287500304075,0
Glenda Little,3,10,3.6597854253001136,1
Daniel Lee,2,14,3.62170061507762,0
Sandra Stanley,2,18,2.3296136396661833,0
Andrew Harris,3,5,3.1942970317040125,1
Russell Kim,3,2,3.775731549624828,1
Sara Barnes,3,11,2.0287718187618404,1
Michael Olsen,1,12,3.0880241497293994,0
Darren Parks,3,17,3.6878927922250275,1
Amanda Orr,1,13,2.952774493175367,0
Gabrielle Anthony DDS,4,15,2.7958791984019182,1
Ryan Armstrong,4,6,3.887864734389984,1
Jennifer Johnson,3,1,3.454602566020319,0
Sara Collins,2,3,3.1854541532672362,0
Mr. Duane Coleman,4,12,3.1995762991161896,1
Jeffrey Torres,3,10,3.7415920046743354,1
Hunter Peterson,2,12,2.625729098042968,0
Dr. Kevin Noble,4,17,3.6557300024083137,1
Thomas Castro,1,15,2.575022432369235,0
Stephanie Pittman,4,1,2.9901662407877656,0
Shelley Smith,4,12,2.8956516187817734,1
Mr. Anthony Ewing PhD,4,3,2.745500055219119,1
Gina Bowers,2,6,3.3892020303164148,0
Cassidy Saunders,1,9,2.440436332937221,0
Mary Myers,2,15,2.175803906123889,0
Brandon Moody,1,0,2.517413802839226,0
Andrew Campbell,1,9,2.177790538981826,0
Dominique Strickland,2,6,3.5036852425333658,0
Clayton Combs,4,18,2.88995988424021,1
Erin Fisher,1,4,3.6970613205991927,0
Nancy Garner,1,6,2.0702230924150227,0
Brenda Hall,1,10,2.0366605644755573,0
Jennifer Miller,2,9,3.0865491159489165,0
Oscar Austin,3,2,3.8533018027611794,1
Matthew Wilson,4,2,2.29781313622971,1
Michelle Rodgers,2,4,2.261832782938842,0
Alyssa Knapp,2,7,2.417463854573397,0
Michelle Valentine,3,0,2.571240289239173,0
Rachael Reyes,3,19,2.6227721005753004,1
Christine Johnson,4,17,2.5533410797822937,1
John Sims,1,3,2.6249904642246875,0
Brett Lambert,3,13,2.7655368295297067,1
Keith Lang,2,16,3.1761025259742657,0
Tonya Monroe,1,7,2.3467004723569587,0
Tyler Richards,1,14,3.5611626204014457,0
Jeffrey Castro,2,13,3.388467988977796,0
Annette Gardner,1,5,2.071226472678153,0
Linda Lopez,1,9,3.126257580392749,0
Olivia Delgado,2,10,2.3012411763813985,0
Laura Best,1,15,3.219839928892643,0
Miss Leslie Lee,4,5,2.0326099763566763,1
Jacob Perez,3,10,3.4874043022137693,1
Chad Mitchell,3,7,3.2691607386006654,1
Alexis Rivera,2,12,3.7195116540392505,0
Brian Sandoval,3,17,3.486813740027855,1
Dakota Lawrence,4,3,3.0681412937524026,1
Melissa Mckenzie,4,18,2.4338057140404135,1
Michael Patterson,3,14,2.5951412466522976,1
Antonio Mcmillan,2,9,3.7940622263872648,0
Laura Bailey,1,0,2.5721264498681795,0
Kelly Cortez,4,15,2.115359466143602,1
Daniel Jones,3,6,2.3241113397251496,1
Jamie Carr,1,1,3.931775551142815,0
Dalton Smith,2,15,2.3313604830395116,0
Mary Evans,3,17,2.0599258764833395,1
Christina Johnson,1,12,2.2427605915283833,0
Darin Ross,3,4,3.109681936205314,1
Beth Wilkinson,2,11,2.562073978665072,0
Justin Wallace,2,6,2.6725486980201874,0
Andrea Barton,1,16,2.87777700801699,0
Michael Hughes,3,1,2.2620973697593927,0
Elizabeth Williams MD,4,12,2.9213994883473084,1
Justin Murray,3,4,2.9796649017464203,1
Meghan Thompson,2,2,3.460215210838265,0
Amber Crawford,3,15,2.4212628500724795,1
Bradley Greer,2,19,3.8423731890644257,0
Denise Berg,1,0,2.7107315675876107,0
Johnny Adams,4,18,2.205476745254555,1
Kathy Cooley,1,4,2.9768629480366613,0
Danny Martinez,3,5,3.257676961466557,1
Kevin Collins,1,14,3.8930591181159304,0
Lisa Price,4,5,2.091723320224079,1
Carmen Lin,2,2,2.6124200343874424,0
Deborah Perry,2,9,2.3551496515739414,0
Kelly Davis,1,1,3.7496463350425024,0
Rachel Mckenzie,3,7,3.6558652426705294,1
Briana Williams,3,6,2.8155876297345,1
Michael Myers,3,3,2.8701197655389326,1
Tonya Black,1,0,2.532851476009554,0
Jacqueline Mathis,1,15,2.93715085441797,0
Colin Bolton,4,19,2.1588198910105874,1
Anna Clark,1,3,3.3775827857051977,0
Melanie Vasquez,1,1,3.4778631113795173,0
Sean Murphy,3,17,2.2915176346007833,1
Raymond Kane Jr.,3,9,2.7641790697794004,1
Cheryl Wright,1,15,3.036058891718305,0
Ryan Davis,4,7,3.8070983417430577,1
Ashley Shelton,2,1,3.3814044384257675,0
Dennis Clark,4,11,3.802659693359737,1
Jacob Pace,3,4,2.2350841435089297,1
Kathleen Schmidt,2,17,3.315735155329289,0
Paul Williams,4,9,2.3811836302928047,1
Elizabeth Miller,3,0,2.2751905677833837,0
David Mitchell,2,6,2.3770087044269363,0
Rebecca Wagner,4,10,2.5935982569853477,1
Ryan Ruiz,2,5,3.378596933837019,0
Michael Parsons,1,0,2.1573649968708803,0
Robin Lopez,1,13,2.271705445746794,0
William Smith,1,13,3.7898739839111766,0
Larry Nichols,2,10,3.157698319170241,0
Raymond Payne,1,12,3.507804806953775,0
Nancy Parrish,1,9,2.9328699726302454,0
Kara Thomas,1,0,2.753354839929222,0
Nicole Mccullough,3,8,3.1197714454877383,1
Emily Martinez,2,8,2.3769226488692965,0
Bethany Fletcher,4,17,2.0107183402444315,1
Caleb Nguyen,1,14,3.1538465964193483,0
Lori Dalton,4,11,3.9616393429850065,1
James Leach,2,6,2.7957567225276425,0
Cheryl Williams,1,9,3.0282626310018035,0
Juan Padilla,3,11,2.5909938918528628,1
David Smith,1,2,3.860057713821894,0
Kaylee Rocha,3,19,2.556376519403974,1
Stephen Willis,4,14,2.8862412959649353,1
Shawn Newman,1,17,2.9847200829538587,0
Alexander Thompson,1,3,2.7737175424745275,0
Bryan Parker,2,13,3.6911202185749947,0
Melissa Ford,2,14,2.018222671485435,0
Stephanie Murillo,1,12,3.4404928288762715,0
Kenneth Stevens,4,10,3.078991027744662,1
Ashley Williams,4,11,2.1917263263460143,1
Jerry Sanchez,2,0,2.688936629808997,0
Scott Garcia,1,17,3.615673549364658,0
Dr. Tonya Molina MD,3,16,2.0724293047954085,1
Mark Hester,1,17,2.6319967790254695,0
Gregory Mckenzie,3,11,2.1727002574826066,1
Seth Hernandez,4,14,2.008996193204984,1
Cynthia Cook,3,17,3.3361857901473515,1
James Rios,3,7,3.6721278410657923,1
Catherine Jones,2,17,3.6865459951895794,0
Jonathan Stewart,2,7,3.7901272776869526,0
Thomas Morales,2,17,3.682174488770185,0
Jessica Hanson,2,5,2.1642670576641807,0
Antonio Tucker,1,13,3.1477103114329577,0
Alexandra Reyes,4,8,3.9465135343198026,1
Andrew Brown,1,10,2.889737067454947,0
Connie Smith,2,16,3.205296804613253,0
Sean Rowe,3,6,2.086232512155582,1
Jordan Gonzalez,1,12,3.080519016283586,0
Stephanie Benson,1,10,3.110091910883759,0
Mark Smith,3,17,3.7707223312459486,1
Oscar Terrell,4,14,2.653546895666886,1
Paul Jones,3,14,3.6387608717888327,1
Alyssa Miller,3,7,2.2138004233929776,1
David Smith,3,13,3.643039565691049,1
Michael Morton,3,8,3.426754735263935,1
Taylor Lewis,4,5,3.0182393764777693,1
Jessica Johnson,4,4,3.743429038792957,1
James Thomas,2,7,3.0404255339238184,0
Angela Navarro,3,15,3.786703288928405,1
Andrea Williams,4,5,3.842258003265016,1
Crystal Owens,3,3,3.7387454958864055,1
Victoria Oliver,1,2,2.364485361435244,0
Brooke Hoover,3,14,3.6560771564658103,1
Michael Hughes,3,17,2.6579867602555325,1
Fred Rivers,1,2,3.025024116346387,0
Caroline Chan,4,8,2.4501887470617856,1
Tyler Williams,2,19,2.7476213916474035,0
Meghan Jennings,3,4,2.026162504717856,1
Julie Harrington,2,5,3.976915845819989,0
Antonio Page,2,18,2.533693664260313,0
William Brown,3,0,3.965452807613425,0
Michael Coleman,4,3,2.5502014830751656,1
Jennifer Ballard,3,10,2.583651151679794,1
Randy Sheppard,4,5,2.7132161838799513,1
Steven Foster,1,10,2.1509427674684845,0
Meagan Parker,1,0,2.817849247599761,0
Eric Mcbride,2,12,3.720454651002824,0
Mary Hamilton,2,1,3.0950104949537227,0
Kevin Williams,1,10,2.7960898188566423,0
Sarah Reese,2,18,3.5021396086520973,0
Roberto Lopez,3,19,2.719218138842755,1
Alexis Brady,4,17,2.7078715530271493,1
Vincent Howe,3,6,3.9277321497216366,1
Andrew Green,1,12,3.7827109351932346,0
Stephanie Jordan,1,1,2.3123068465052636,0
Elizabeth Clark,1,19,2.5883878718372415,0
Dr. Tyler Ibarra,1,7,2.3708247659981683,0
Seth Sandoval,1,10,2.794239177466355,0
Mary Walters,2,2,2.0125335311777053,0
Justin Burgess,2,8,2.2974989393813066,0
Debra Jones,3,1,2.8620517060072403,0
Patrick Wilson,2,1,3.6161731284941325,0
Jeffrey Hill,1,4,3.7569350058972026,0
Daniel Holt,1,17,3.8781463348056358,0
Willie Daniels,1,11,2.908099712479566,0
Christopher Stewart,4,9,3.2286555675942923,1
Greg Freeman,3,2,3.57916828315301,1
Stacey Wilcox,4,19,2.6292366044598623,1
Raymond Campbell,1,8,3.969880414250575,0
Stephanie James,4,18,3.781144836596267,1
John Sherman,1,18,3.9529914481374493,0
Sarah Fernandez,4,0,3.8895911439777477,0
Gina Hendricks,1,10,2.054576018483055,0
Jeffrey Bautista,1,2,3.780100421402005,0
Karla Young,3,3,2.2035817711480075,1
Christopher Washington,2,14,2.2826368877985606,0
Jeffrey Rodriguez,1,9,3.5379010940434084,0
Robert Lopez,4,7,2.4137624292269533,1
Kelly Hayes,1,6,2.8216313462402915,0
Richard Barajas,4,15,3.9840270475112662,1
John Jones,2,13,2.1624127812990634,0
Brittany Parrish,4,2,3.7032172351878216,1
Karen Tucker,1,1,2.796308673807319,0
Robert Owens,4,14,2.348158306683378,1
Kayla Wong,4,10,3.8040501891454337,1
Craig Sullivan,4,0,2.639691079554309,0
Walter Johnson,3,14,2.7539909461974172,1
Jason Hall,2,17,3.3252384602977285,0
Katherine Phelps,4,4,2.321058635079218,1
Jeremy Chavez,3,7,3.559396519019394,1
Gary Douglas,1,4,3.8086619961254695,0
William Trevino,1,14,2.1713017431704706,0
Kevin Santos,3,13,2.5021234651270143,1
Jordan Williams,1,0,3.818425359178871,0
Susan Taylor,3,1,3.340377155685877,0
Matthew Zamora,1,4,3.612014293741856,0
Nathan Perez,4,14,2.680489969632978,1
Caleb Velasquez,4,10,2.5091004664302123,1
Sheila Watson,4,10,2.4584654240304795,1
Frank Jones,2,18,3.5568076351175657,0
Mark Moore,3,0,2.0589149678949408,0
Jennifer Lewis,1,11,3.3487383122775256,0
Ian Gillespie,2,4,3.50491741922344,0
Gary Morrow,2,8,3.2782926361017615,0
Jorge Rodriguez,4,4,2.6997264409788913,1
Stacey Cook,1,19,2.789428411992599,0
Edward Elliott,4,6,3.352038575788299,1
Pamela Anderson,1,9,3.416965708880041,0
Matthew West,1,11,3.9438968389155713,0
Kevin Perez,1,13,3.301343885890141,0
Elizabeth Mccullough,3,18,3.5748472616116667,1
Amanda Miller,3,10,2.0176424688753594,1
Kelly Hart,3,10,2.0675410546626765,1
Charles Steele,3,0,3.120077652722779,0
Angel Fowler,2,10,3.5519288792024426,0
Elizabeth Sutton,1,3,3.17354105011953,0
Douglas Robertson,1,18,3.5509897635834684,0
Jasmine Owens,4,15,3.51041806854428,1
Heather Perkins DDS,4,7,3.1079675305661807,1
Ryan Morris,3,19,3.235884163571753,1
Jessica Cox DVM,1,8,2.1046443871694973,0
Jonathan Lewis,1,11,3.0115211887985636,0
Allen Pruitt,2,13,2.82653420389059,0
Michelle Diaz,4,9,3.2371826486809567,1
Paul Velasquez,4,3,3.036725370153728,1
Jessica Baker,3,2,3.530396447360083,1
John Carlson,1,2,3.714916743939691,0
Edward Johnson,1,19,3.719316875231096,0
Michael Wright,2,14,3.0004710458960675,0
Kimberly Gill,2,7,2.797029124550827,0
Mark Reed,1,9,3.9630132016943636,0
John Hess,2,10,2.665854237294307,0
Jay Mccarthy,3,0,2.0741034145827135,0
Jill Dalton,3,11,2.6144085152144694,1
Jordan Harris,3,12,2.7654277352983248,1
Richard Sanchez,1,13,2.1863246818101416,0
Robert Wilson,3,17,2.5729277235452317,1
John Joseph,1,0,2.403986470259893,0
Amber Andrews,3,0,3.235280689612773,0
Nicholas Gonzalez,2,1,2.690400202956694,0
Jermaine Vincent,3,0,2.236681641890439,0
Timothy Long,3,2,3.031138708959858,1
Troy King,2,19,3.156408359325355,0
Kyle Lloyd Jr.,4,19,3.529385668721849,1
Christie Wright,3,9,3.4935858630451397,1
Tami Turner,4,17,3.389088081781293,1
April Shannon,3,15,3.3230765831114573,1
Emily Hester,4,1,2.925569403496952,0
Dawn Reynolds,1,1,2.761770048253392,0
Zachary Watson,3,15,3.148791021318332,1
Ms. Raven Smith,4,13,3.277685739468649,1
Andrew Jackson,2,19,2.661300364369633,0
Nicole Henderson,2,5,3.7477013284428606,0
Jason Davis,3,16,2.331646447535036,1
Marc Hammond,4,1,2.2214193126043447,0
Eric Hopkins,1,12,3.8861041446358593,0
Pamela Little,1,16,2.4885845442715357,0
Carrie Byrd,2,12,2.473321904437873,0
Peggy Morales,3,9,2.700579593254938,1
Anthony Best,3,12,3.1088346999962098,1
Thomas Lopez,1,17,2.009331100917186,0
Christopher Davis,1,9,3.280859748184646,0
Jennifer Hernandez,1,16,2.188102305504784,0
John Hogan,1,13,3.6840908094002316,0
Erin Sullivan,4,4,2.17556458624297,1
Heather Jennings,4,19,2.1873765401228713,1
Juan Clements,3,4,3.70926329755751,1
John Wilson,3,19,2.4334790337602517,1
Anthony Johnson,1,10,3.2712737194629073,0
Joseph Gomez,1,3,2.009197455146868,0
Natasha Fitzgerald,1,7,2.8132644896308086,0
Stephanie Nguyen,1,3,2.4642362951226833,0
Austin Adams,2,5,3.9796536274054026,0
Thomas Sullivan,1,0,2.113881245323181,0
Lauren Barry,4,1,2.251054660553903,0
Pamela Fletcher,2,5,3.172894499603335,0
Robert Peterson,4,15,3.7874787014182054,1
Debra Robertson,1,2,3.504860133135974,0
Kevin Williams,4,3,3.718342835265891,1
Daniel Blackburn,2,18,2.157450182561367,0
Heidi Smith,1,12,3.553932682047613,0
Dale Hardy,4,8,3.1034674321205977,1
Allison Bradshaw,3,1,2.2683957374708568,0
Anthony Chapman,1,10,2.1483814769773533,0
Karen Weber,4,4,2.789796652619959,1
Pamela Smith,3,19,2.9143792206770174,1
Mr. Steven Nguyen,4,14,2.6709764429195455,1
Ashley Mayo,1,16,2.2186609988018797,0
Kevin Sandoval,3,15,3.969618122262302,1
Michael Brown,3,15,2.759596428523583,1
Judy Cohen,1,1,2.7275550107294975,0
Melanie Wiley,4,0,2.9871450333799663,0
Alicia Ward,4,1,2.7729860872326535,0
Michael Ortiz,4,16,3.70739392275871,1
Tanner Alvarado,4,2,2.690017114695279,1
Paul Reid,2,10,2.64177001143983,0
Reginald Blevins,2,19,2.623992802423915,0
Jason Bowen,4,12,2.320061268921829,1
Bobby English,3,15,3.4882024851028475,1
Brian Fitzgerald,4,0,3.8115455848223156,0
Erica White,3,6,3.5761057811860253,1
Bradley Douglas,2,5,2.1125804165797257,0
Kayla Leach,4,14,3.570120628078831,1
Katelyn Grimes,3,15,3.5057059651936457,1
Susan Costa,3,6,3.597879937311091,1
Vernon Acosta,1,11,3.966856374937472,0
Anthony Johns,3,2,2.1734589218919664,1
Adam Carr,2,12,3.180954355283335,0
Lisa Ross,2,18,2.6150627964986075,0
Thomas Clay,3,9,2.218514102205706,1
Vanessa Powell,3,7,3.5744654973463845,1
Mitchell Robinson,1,4,3.0375889553394093,0
Alexandra Wright,1,9,3.521567366978959,0
Mariah Butler,1,13,3.7060572729175205,0
William Grimes,2,17,2.1057880066830865,0
Elizabeth Chan,1,0,2.677315923860803,0
Autumn Graves,4,1,2.5802597956128492,0
Rachel Jones,1,8,2.8350858360309523,0
Brandon Wilson,2,1,2.4886918846517196,0
Andrew Weber,3,3,3.1738167870015492,1
